<?xml version="1.0" encoding="UTF-8"?>
<project-private xmlns="http://www.netbeans.org/ns/project-private/1">
    <editor-bookmarks xmlns="http://www.netbeans.org/ns/editor-bookmarks/2" lastBookmarkId="0"/>
    <open-files xmlns="http://www.netbeans.org/ns/projectui-open-files/2">
        <group>
            <file>file:/C:/GINA/KULIAH/SEMESTER%204/PEMROGRAMAN%20BERORIENTSI%20OBJEK/TUBES/TUBES/src/tubes/turis.java</file>
            <file>file:/C:/GINA/KULIAH/SEMESTER%204/PEMROGRAMAN%20BERORIENTSI%20OBJEK/TUBES/TUBES/src/tubes/kategori.java</file>
            <file>file:/C:/GINA/KULIAH/SEMESTER%204/PEMROGRAMAN%20BERORIENTSI%20OBJEK/TUBES/TUBES/src/tubes/tempatWisata.java</file>
            <file>file:/C:/GINA/KULIAH/SEMESTER%204/PEMROGRAMAN%20BERORIENTSI%20OBJEK/TUBES/TUBES/src/tubes/UI.java</file>
            <file>file:/C:/GINA/KULIAH/SEMESTER%204/PEMROGRAMAN%20BERORIENTSI%20OBJEK/TUBES/TUBES/src/tubes/TUBES.java</file>
            <file>file:/C:/GINA/KULIAH/SEMESTER%204/PEMROGRAMAN%20BERORIENTSI%20OBJEK/TUBES/TUBES/src/tubes/admin.java</file>
            <file>file:/C:/GINA/KULIAH/SEMESTER%204/PEMROGRAMAN%20BERORIENTSI%20OBJEK/TUBES/TUBES/src/tubes/transaksi.java</file>
            <file>file:/C:/GINA/KULIAH/SEMESTER%204/PEMROGRAMAN%20BERORIENTSI%20OBJEK/TUBES/TUBES/src/tubes/user.java</file>
            <file>file:/C:/GINA/KULIAH/SEMESTER%204/PEMROGRAMAN%20BERORIENTSI%20OBJEK/TUBES/TUBES/src/tubes/tiket.java</file>
        </group>
    </open-files>
</project-private>
